p1,p2,p3,p4,p5,p6,p7,p8,p9,p10,p11,p12,p13,p14,p15,p16,p17,p18,p19,p20,p21,p22,p23,p24,p25,p26,p27,p28,p29,p30,p31,p32,p33,p34,p35,p36,p37,p38,p39,p40,p41,p42,p43,p44,p45,Sociabilidad,Asertividad / Liderazgo,Nivel de actividad,Búsqueda de emociones,Afecto positivo,Puntaje Total,Personalidad,Clasificacion,Cluster,Prediccion_Personalidad
5,2,4,3,5,1,3,3,5,1,1,1,2,2,1,1,5,3,3,1,4,4,3,3,2,4,1,4,2,3,2,4,5,1,4,2,4,5,4,2,1,2,4,3,5,40,27,30,23,16,130,Ambivertido,Ambivertido,2.0,Introvertido
2,3,4,2,1,3,1,5,1,4,2,3,5,5,4,5,4,1,2,3,5,1,3,5,5,1,5,5,1,1,4,3,3,4,4,1,3,2,3,3,4,1,3,4,5,43,33,33,28,7,139,Extrovertido,Extrovertido,0.0,Extrovertido
3,1,3,3,5,1,1,5,2,5,3,1,5,3,5,2,2,5,4,1,3,2,2,1,4,5,3,1,3,2,5,5,5,5,5,3,4,2,2,5,5,5,4,1,4,42,30,36,31,13,146,Extrovertido,Extrovertido,0.0,Extrovertido
1,2,2,4,3,2,1,4,4,4,1,4,2,2,5,3,3,2,2,1,3,2,1,4,3,4,4,3,1,1,1,3,2,1,3,5,3,3,5,2,5,2,2,1,4,34,23,30,26,10,120,Ambivertido,Ambivertido,2.0,Introvertido
5,5,2,3,3,2,1,4,1,3,4,2,1,1,2,2,3,2,3,2,3,3,3,5,5,3,3,1,5,2,2,2,4,4,2,3,2,1,4,2,1,2,5,2,2,43,22,31,22,13,122,Ambivertido,Ambivertido,2.0,Introvertido
5,5,4,4,3,3,5,1,3,4,4,1,1,3,4,2,5,5,3,5,5,2,5,3,5,5,2,4,1,2,5,2,2,5,1,3,5,2,5,5,4,2,3,4,2,43,40,33,32,14,154,Extrovertido,Extrovertido,0.0,Extrovertido
1,4,5,5,2,5,2,1,2,3,4,4,3,5,3,4,3,4,4,3,4,3,3,4,1,2,3,3,5,4,1,1,1,4,4,2,4,2,4,1,3,5,5,2,1,41,34,32,28,16,139,Extrovertido,Extrovertido,0.0,Extrovertido
3,4,1,4,2,5,5,1,4,2,5,2,4,5,3,4,5,4,5,2,1,2,1,3,5,1,2,4,2,1,4,4,4,3,3,5,4,4,1,3,5,3,5,1,3,36,35,36,31,11,144,Extrovertido,Extrovertido,0.0,Extrovertido
4,4,3,2,4,5,5,5,5,1,1,4,1,3,5,4,1,5,3,2,2,4,3,4,2,5,4,4,3,3,3,5,5,5,3,1,3,3,4,2,5,3,2,1,4,42,35,36,28,17,150,Extrovertido,Extrovertido,0.0,Extrovertido
1,5,2,1,5,4,4,1,4,2,4,1,3,1,2,4,2,2,4,3,1,4,2,5,5,5,1,5,1,3,2,2,1,1,3,4,5,5,3,5,4,2,5,3,4,29,32,37,29,16,136,Extrovertido,Extrovertido,1.0,Ambivertido
2,5,5,5,3,5,4,5,1,2,5,3,5,1,2,2,2,5,4,2,1,1,2,2,1,1,1,3,2,5,5,4,2,1,5,4,5,2,3,2,1,2,2,5,1,33,29,32,33,13,131,Ambivertido,Ambivertido,2.0,Introvertido
1,2,3,2,1,1,1,1,1,4,4,1,5,1,2,4,5,2,2,3,2,3,5,5,3,1,3,5,3,4,4,5,5,2,2,1,1,2,5,1,5,2,5,5,3,35,37,31,23,12,128,Ambivertido,Ambivertido,1.0,Ambivertido
1,5,4,3,4,5,2,1,3,2,2,5,3,5,4,1,1,5,2,4,5,2,5,4,3,1,5,1,1,4,3,5,3,1,4,5,1,5,2,5,3,5,5,5,4,36,35,34,37,16,149,Extrovertido,Extrovertido,0.0,Extrovertido
4,5,4,1,5,1,4,3,1,1,1,5,5,2,3,1,4,5,1,3,3,5,1,4,3,1,2,5,1,3,2,1,3,4,1,2,4,1,4,4,5,2,5,4,3,40,28,34,24,13,132,Ambivertido,Ambivertido,2.0,Introvertido
3,2,3,5,4,4,5,4,1,5,4,1,2,2,4,1,4,2,1,4,4,1,3,4,2,3,2,5,4,2,5,2,2,5,1,3,3,2,3,5,4,5,5,3,4,38,41,30,29,15,143,Extrovertido,Extrovertido,0.0,Extrovertido
1,2,5,3,1,2,1,4,2,5,4,3,2,5,4,3,5,4,2,5,4,3,2,3,3,2,5,1,3,4,1,2,3,4,5,5,4,3,5,5,2,5,2,4,3,44,32,33,34,15,146,Extrovertido,Extrovertido,0.0,Extrovertido
4,5,2,1,4,4,3,2,5,3,1,4,2,2,3,5,5,5,5,3,2,1,3,2,1,5,5,2,3,3,1,5,5,5,3,4,2,4,3,5,3,3,5,1,4,46,30,38,25,18,148,Extrovertido,Extrovertido,0.0,Extrovertido
1,5,5,2,2,4,3,2,1,2,5,1,1,1,5,5,2,5,5,1,4,2,1,1,4,3,2,4,4,5,3,4,2,3,5,2,3,3,3,1,3,4,2,3,3,35,30,30,34,13,132,Ambivertido,Ambivertido,2.0,Introvertido
3,1,2,2,2,4,3,3,4,2,3,5,1,5,1,5,5,4,2,4,1,3,5,2,4,4,1,2,1,2,1,5,4,1,1,5,3,2,3,1,5,1,2,4,4,28,32,33,29,13,128,Ambivertido,Ambivertido,1.0,Ambivertido
1,5,5,1,1,1,2,1,2,3,4,5,1,3,4,1,1,4,3,3,4,5,1,3,5,5,2,5,5,1,4,3,5,1,1,5,2,1,1,4,2,1,5,3,4,27,30,40,29,12,129,Ambivertido,Ambivertido,1.0,Ambivertido
3,5,3,5,3,5,5,4,2,3,3,2,3,3,4,1,3,3,3,1,1,1,4,3,2,2,2,4,4,5,4,4,5,1,5,2,2,4,5,2,2,2,1,5,3,34,39,32,29,15,139,Extrovertido,Extrovertido,1.0,Ambivertido
3,3,4,1,2,5,2,1,4,1,5,5,3,4,1,2,2,4,4,2,3,1,5,5,1,1,3,1,4,5,5,1,2,1,5,4,3,5,5,1,1,4,5,4,2,41,35,26,27,17,135,Ambivertido,Ambivertido,0.0,Extrovertido
1,2,3,2,1,1,1,5,2,2,2,5,4,3,3,2,5,2,1,1,2,2,3,2,2,3,4,3,1,2,1,1,4,1,3,3,2,5,1,3,3,5,4,3,1,31,25,30,23,7,112,Ambivertido,Ambivertido,2.0,Introvertido
2,5,3,1,3,1,1,1,3,2,4,3,5,1,5,1,2,5,4,5,4,4,4,5,4,4,5,5,4,5,5,2,3,2,3,3,3,3,2,3,1,3,2,5,2,37,36,35,29,20,143,Extrovertido,Extrovertido,0.0,Extrovertido
1,4,4,4,3,2,4,1,2,5,4,4,1,3,1,4,3,3,5,1,3,4,5,5,3,4,3,2,1,5,1,2,5,5,5,3,4,1,1,5,3,2,3,4,4,38,31,43,25,12,142,Extrovertido,Extrovertido,0.0,Extrovertido
5,2,5,2,5,4,5,1,3,5,5,1,2,3,4,4,1,2,1,3,2,2,5,4,2,2,2,1,4,3,2,2,5,1,5,3,5,2,3,4,4,4,2,1,4,29,37,33,30,18,137,Extrovertido,Extrovertido,1.0,Ambivertido
1,3,5,5,4,3,3,4,3,2,4,1,3,5,5,4,3,2,3,1,1,1,2,2,4,1,1,5,2,3,3,5,2,4,3,4,5,1,1,4,4,2,3,3,5,28,31,33,36,13,135,Ambivertido,Ambivertido,2.0,Introvertido
4,4,4,2,2,5,3,2,3,2,2,1,5,5,2,3,2,4,3,5,5,5,2,3,4,4,2,2,5,5,2,2,5,3,2,1,5,1,4,4,5,5,3,4,4,37,37,39,32,20,150,Extrovertido,Extrovertido,0.0,Extrovertido
1,4,5,3,1,5,1,2,5,4,5,4,1,3,1,5,2,4,4,1,4,5,4,1,1,1,3,2,1,2,3,2,5,5,4,5,3,4,5,3,4,1,3,3,1,38,29,37,26,10,136,Extrovertido,Extrovertido,2.0,Introvertido
3,1,3,5,3,2,2,5,1,5,2,4,3,1,4,4,1,3,2,1,3,2,2,5,1,4,2,5,3,4,5,1,5,3,2,1,5,2,5,4,1,1,5,5,5,39,31,39,23,12,136,Extrovertido,Extrovertido,0.0,Extrovertido
1,4,5,5,5,5,5,2,3,5,2,1,4,1,4,4,3,5,4,4,5,5,3,4,4,1,1,1,1,5,4,3,4,3,4,5,2,2,3,1,5,3,3,1,4,38,36,35,32,18,149,Extrovertido,Extrovertido,0.0,Extrovertido
5,4,2,2,2,2,2,5,3,3,4,1,3,4,2,4,3,3,1,3,4,1,2,3,1,1,4,5,4,1,3,2,3,1,3,5,3,1,5,3,5,2,3,4,4,40,33,30,23,13,131,Ambivertido,Ambivertido,0.0,Extrovertido
1,1,3,2,3,2,4,3,1,4,3,3,3,3,1,1,4,1,2,5,1,1,2,5,1,2,3,4,5,2,3,3,2,5,1,1,5,1,4,5,3,2,1,4,4,31,36,27,22,16,120,Ambivertido,Ambivertido,1.0,Ambivertido
4,1,3,1,3,5,2,5,2,4,1,1,3,4,4,1,1,4,5,2,4,2,1,2,1,2,5,3,1,3,5,5,5,5,1,3,5,1,3,5,2,4,2,3,1,41,28,23,33,11,130,Ambivertido,Ambivertido,2.0,Introvertido
3,2,2,5,1,5,2,4,2,3,5,5,2,2,2,5,2,5,4,5,3,3,4,2,3,5,2,1,1,2,3,3,1,2,4,4,3,1,4,3,3,3,4,2,1,39,27,37,27,11,133,Ambivertido,Ambivertido,2.0,Introvertido
3,3,1,1,5,1,3,1,2,3,5,5,1,3,5,2,4,4,5,1,1,3,2,2,2,4,2,5,5,1,5,4,1,4,1,5,3,3,5,1,3,4,1,2,4,33,34,30,27,14,131,Ambivertido,Ambivertido,1.0,Ambivertido
4,2,3,1,1,4,4,5,4,1,1,1,3,3,5,2,2,5,3,2,1,3,5,4,2,3,2,5,2,4,3,2,2,2,5,5,5,5,2,3,4,2,4,3,4,39,38,25,31,13,138,Extrovertido,Extrovertido,0.0,Extrovertido
4,1,3,2,2,1,3,5,3,3,4,2,3,5,1,4,3,2,5,1,4,3,2,5,3,3,4,1,5,5,4,4,5,3,1,5,5,4,1,2,3,1,5,4,2,42,36,31,27,16,141,Extrovertido,Extrovertido,0.0,Extrovertido
3,5,3,3,2,2,3,5,3,2,2,5,1,5,4,3,4,1,1,3,2,5,4,4,2,5,5,1,2,3,5,2,3,3,3,2,3,3,5,3,5,3,4,3,4,40,36,39,24,13,144,Extrovertido,Extrovertido,0.0,Extrovertido
4,1,5,1,4,4,5,4,5,2,3,4,1,2,3,4,2,2,5,2,2,5,2,1,3,4,4,5,2,3,5,2,4,5,1,3,2,4,5,4,4,5,1,2,3,36,36,34,29,16,144,Extrovertido,Extrovertido,0.0,Extrovertido
4,3,4,1,5,5,4,5,5,3,5,1,1,1,1,1,5,5,3,3,3,5,1,1,5,4,3,3,3,3,4,2,2,1,3,4,5,2,3,2,1,2,2,5,3,38,28,28,33,19,137,Extrovertido,Extrovertido,2.0,Introvertido
1,1,3,3,5,3,2,3,4,5,4,2,3,3,4,3,4,4,1,1,5,5,2,5,5,5,5,1,1,1,5,1,3,2,1,5,4,4,1,2,3,1,4,1,3,36,28,34,27,12,134,Ambivertido,Ambivertido,2.0,Introvertido
1,5,4,4,1,4,2,4,5,4,5,2,5,4,3,1,1,4,4,1,3,1,4,2,3,4,4,2,4,1,4,2,3,1,4,3,2,5,5,2,2,3,5,5,3,38,33,35,29,12,141,Extrovertido,Extrovertido,0.0,Extrovertido
5,4,3,2,5,1,4,5,2,5,2,5,4,1,1,4,2,4,4,3,3,5,3,5,2,3,5,1,1,3,2,4,1,2,2,1,5,4,3,2,3,5,3,3,5,43,30,37,25,14,142,Extrovertido,Extrovertido,0.0,Extrovertido
1,2,2,4,3,1,1,2,5,5,1,1,1,2,2,2,5,3,4,4,3,5,4,4,4,4,2,5,4,4,2,4,2,1,1,5,4,3,3,5,5,2,2,2,3,31,39,30,26,20,134,Ambivertido,Ambivertido,1.0,Ambivertido
2,3,5,1,4,1,5,4,2,5,4,5,1,4,3,3,1,2,5,4,2,2,4,4,2,2,4,4,4,3,3,2,1,5,1,5,5,3,3,2,3,3,4,2,4,37,42,28,28,17,141,Extrovertido,Extrovertido,0.0,Extrovertido
2,2,3,4,3,5,5,1,1,4,5,2,5,1,2,5,2,2,2,3,2,5,1,4,4,1,5,2,3,5,4,3,4,1,3,4,5,5,5,3,4,5,5,1,3,34,37,39,32,15,146,Extrovertido,Extrovertido,0.0,Extrovertido
2,2,5,3,4,2,5,4,3,2,4,5,4,2,4,4,1,3,5,1,3,3,1,3,5,3,2,2,2,3,3,3,3,4,2,5,5,1,5,1,4,2,5,5,5,39,26,37,36,13,145,Extrovertido,Extrovertido,2.0,Introvertido
2,4,5,5,1,5,3,5,3,4,4,3,1,3,4,1,1,3,3,4,5,3,4,3,2,1,4,3,5,2,1,1,2,2,1,3,5,5,3,4,4,1,1,4,3,33,38,31,30,15,136,Extrovertido,Extrovertido,1.0,Ambivertido
2,5,5,1,4,3,5,4,5,4,1,3,1,3,1,4,3,1,5,2,2,2,4,3,3,3,2,2,5,2,5,3,5,1,2,1,2,1,2,1,1,3,1,3,1,28,34,27,24,18,122,Ambivertido,Ambivertido,1.0,Ambivertido
3,3,2,1,3,2,4,5,4,2,4,2,3,1,3,5,2,1,1,3,4,5,2,1,3,1,3,5,3,4,2,5,5,3,5,5,1,2,1,1,3,5,4,4,2,33,31,32,30,17,133,Ambivertido,Ambivertido,2.0,Introvertido
5,3,2,1,1,4,1,5,1,5,2,3,1,5,5,4,3,4,1,5,5,1,5,1,4,1,4,3,1,3,1,5,4,3,2,5,3,1,1,5,2,4,3,2,3,37,32,28,34,11,133,Ambivertido,Ambivertido,2.0,Introvertido
5,4,2,4,1,2,4,5,4,2,2,4,5,1,3,4,3,3,5,1,5,3,4,5,1,1,4,3,4,4,5,5,4,2,1,2,5,4,4,3,4,2,2,1,1,44,36,35,23,14,143,Extrovertido,Extrovertido,0.0,Extrovertido
3,4,4,2,3,4,4,3,4,1,1,4,3,5,4,4,4,1,5,4,4,1,5,3,5,2,3,2,5,3,3,5,2,1,5,3,4,3,2,3,2,4,5,5,5,39,37,31,38,19,152,Extrovertido,Extrovertido,0.0,Extrovertido
1,2,5,5,1,4,3,5,1,1,5,4,3,3,2,3,2,5,4,3,3,3,3,5,5,5,4,3,5,4,2,1,2,4,2,4,4,5,5,2,4,4,2,5,1,42,36,35,34,14,149,Extrovertido,Extrovertido,0.0,Extrovertido
2,2,1,5,4,2,2,4,3,2,4,2,3,2,3,5,1,2,2,5,3,2,3,4,3,2,5,1,4,2,3,3,2,4,3,5,5,5,1,1,3,5,3,3,4,34,32,32,30,18,135,Ambivertido,Ambivertido,2.0,Introvertido
1,5,4,4,2,2,3,5,5,4,2,3,5,3,3,4,2,2,5,2,4,5,2,1,2,2,1,4,4,5,2,3,2,1,4,3,1,4,4,1,3,4,2,5,3,32,36,36,27,18,138,Extrovertido,Extrovertido,1.0,Ambivertido
2,1,2,2,3,5,2,2,2,4,4,1,1,4,2,1,4,3,3,4,5,1,2,5,3,3,2,1,3,5,3,2,5,5,2,4,4,3,2,1,4,2,5,1,1,40,35,21,25,17,126,Ambivertido,Ambivertido,0.0,Extrovertido
5,4,4,1,5,2,1,1,5,2,1,5,3,1,3,2,1,5,3,2,5,1,4,2,5,4,3,1,5,2,4,3,2,1,3,4,2,1,1,4,1,2,2,5,1,32,24,28,30,19,124,Ambivertido,Ambivertido,2.0,Introvertido
2,1,5,3,3,5,3,4,2,5,3,4,3,3,1,4,4,4,4,5,4,4,4,2,2,5,4,3,3,1,3,2,5,3,4,4,3,4,1,5,4,1,4,4,3,40,38,40,27,14,150,Extrovertido,Extrovertido,0.0,Extrovertido
3,1,1,4,5,3,1,5,2,5,2,5,2,4,2,2,1,4,5,3,5,5,2,4,1,2,3,3,4,1,3,4,1,5,1,4,1,2,3,1,3,5,1,5,1,40,31,26,26,15,130,Ambivertido,Ambivertido,0.0,Extrovertido
1,2,4,1,4,1,5,3,5,5,5,2,2,4,2,5,1,4,3,1,3,4,2,2,2,3,2,4,5,4,4,4,2,4,3,1,2,3,1,3,1,3,2,2,2,29,38,31,21,19,128,Ambivertido,Ambivertido,1.0,Ambivertido
2,2,2,1,1,1,4,4,2,5,5,3,4,3,2,4,4,5,4,4,1,2,3,5,3,3,5,4,3,1,3,4,5,2,2,2,5,4,5,2,4,3,2,1,3,41,38,34,23,11,139,Extrovertido,Extrovertido,0.0,Extrovertido
3,3,1,5,1,2,2,4,5,4,1,2,1,3,1,1,4,1,2,5,2,5,1,3,2,5,1,3,2,3,1,3,3,5,4,5,3,1,2,5,3,2,2,2,1,33,28,32,21,16,120,Ambivertido,Ambivertido,1.0,Ambivertido
4,1,4,2,5,2,1,4,3,5,4,4,5,5,4,3,5,4,1,2,2,4,5,5,1,3,1,4,4,5,4,5,2,3,5,5,2,1,1,4,3,4,2,3,1,37,39,33,30,19,147,Extrovertido,Extrovertido,0.0,Extrovertido
5,4,2,5,5,3,3,2,1,2,5,2,1,1,3,1,5,1,1,2,3,3,5,2,4,3,5,5,3,1,4,5,4,1,2,1,1,4,2,5,5,3,4,4,4,33,35,37,26,12,137,Extrovertido,Extrovertido,1.0,Ambivertido
3,3,4,4,5,5,2,4,4,5,1,2,4,4,3,5,5,4,1,2,3,2,3,2,4,4,1,1,1,3,4,3,3,2,1,5,2,5,3,3,3,3,1,5,2,30,33,33,34,15,139,Extrovertido,Extrovertido,2.0,Introvertido
3,2,3,3,3,3,5,3,1,4,4,4,2,3,1,1,1,2,1,5,1,3,2,3,4,1,3,5,2,5,1,4,4,5,2,1,2,3,1,1,1,1,3,3,4,28,36,29,22,16,119,Ambivertido,Ambivertido,1.0,Ambivertido
4,2,5,5,2,3,1,2,5,5,5,5,2,1,4,2,4,2,4,3,1,3,3,2,2,3,4,1,2,2,5,3,5,4,5,3,1,4,2,5,2,1,4,4,2,38,29,39,26,14,139,Extrovertido,Extrovertido,2.0,Introvertido
4,5,3,4,3,2,1,2,1,2,4,4,2,3,5,3,2,1,5,2,2,4,3,4,5,1,1,2,2,2,5,4,4,4,1,5,4,5,1,1,2,1,4,3,5,31,29,37,32,10,133,Ambivertido,Ambivertido,2.0,Introvertido
2,1,5,2,3,5,3,2,2,3,4,5,5,3,5,4,1,2,2,2,4,3,3,2,4,3,4,3,3,4,3,3,1,2,2,3,1,3,2,5,4,2,5,3,3,30,34,36,31,14,136,Extrovertido,Extrovertido,1.0,Ambivertido
1,5,1,4,2,1,2,1,1,5,1,4,1,5,5,2,1,2,5,3,1,4,4,1,2,1,4,4,1,5,5,5,2,4,3,2,1,3,5,3,2,1,2,5,2,30,39,29,23,12,124,Ambivertido,Ambivertido,1.0,Ambivertido
1,2,1,5,5,4,3,3,2,5,2,1,4,2,4,2,3,5,2,1,2,4,5,3,4,3,1,2,2,4,1,5,5,5,4,1,3,2,3,3,4,2,1,4,1,33,31,32,28,14,131,Ambivertido,Ambivertido,2.0,Introvertido
5,1,2,5,5,5,1,1,4,4,5,5,1,4,3,2,5,1,4,3,1,1,2,5,1,4,1,5,3,1,4,1,4,2,2,3,2,5,2,5,2,1,3,3,4,32,34,37,21,16,133,Ambivertido,Ambivertido,1.0,Ambivertido
4,2,1,5,1,2,2,5,5,1,5,5,1,1,1,1,4,3,3,4,1,3,3,2,2,1,1,1,5,5,1,4,4,2,3,1,4,2,3,2,4,2,1,4,3,32,29,32,21,20,120,Ambivertido,Ambivertido,1.0,Ambivertido
4,1,3,4,4,3,1,2,4,4,2,2,5,2,5,2,3,2,5,1,2,4,1,2,3,5,1,2,2,1,1,5,1,3,3,2,5,2,4,3,2,1,2,3,1,33,19,30,30,12,120,Ambivertido,Ambivertido,2.0,Introvertido
5,4,5,2,1,2,2,1,4,1,5,3,3,5,2,2,3,1,5,4,2,3,5,4,2,1,2,1,4,5,4,2,5,3,3,2,3,1,3,3,4,1,3,3,5,35,36,36,22,18,134,Ambivertido,Ambivertido,1.0,Ambivertido
1,4,3,5,1,1,3,4,4,5,3,2,2,2,4,5,3,1,4,3,5,2,5,5,3,1,1,2,4,3,2,4,1,3,3,3,1,1,5,1,3,3,3,2,1,38,33,27,24,15,127,Ambivertido,Ambivertido,0.0,Extrovertido
1,3,5,2,4,1,1,5,1,3,5,5,1,2,3,3,1,3,5,4,3,1,2,3,5,3,3,1,5,4,2,4,5,4,5,5,1,1,4,5,5,1,3,1,1,40,30,34,26,18,135,Ambivertido,Ambivertido,0.0,Extrovertido
1,3,1,5,3,4,3,1,2,3,2,5,5,5,5,5,5,2,5,2,2,5,5,5,4,5,3,4,2,4,1,5,5,5,3,5,5,5,3,5,5,2,2,2,2,37,39,47,33,13,161,Extrovertido,Extrovertido,0.0,Extrovertido
4,3,2,4,5,1,5,3,1,2,1,4,1,3,2,5,2,5,5,1,2,1,1,1,2,3,4,2,5,4,1,1,2,5,5,1,1,1,2,4,3,2,1,4,4,39,28,32,16,16,121,Ambivertido,Ambivertido,1.0,Ambivertido
1,4,1,5,2,3,2,5,5,2,5,5,3,1,5,1,1,4,5,5,3,1,1,2,3,2,1,5,3,5,3,1,1,1,5,5,3,4,4,3,3,2,4,5,3,36,34,33,28,20,138,Extrovertido,Extrovertido,0.0,Extrovertido
4,2,2,5,3,2,5,3,4,3,2,3,3,3,5,5,3,2,3,1,3,2,3,2,3,2,1,1,2,3,5,2,4,2,3,2,5,5,2,3,3,2,4,3,3,32,34,34,26,13,133,Ambivertido,Ambivertido,1.0,Ambivertido
1,1,4,2,2,1,1,2,3,4,1,2,5,2,4,2,5,4,3,3,4,5,2,3,3,4,1,5,4,1,2,3,1,5,5,2,4,5,4,2,1,5,4,2,1,41,30,26,28,13,130,Ambivertido,Ambivertido,2.0,Introvertido
2,2,1,3,5,1,1,5,1,4,5,1,4,4,1,1,2,5,4,4,2,1,3,5,1,2,1,1,3,5,2,1,4,4,4,5,3,5,3,2,2,2,2,2,4,39,34,29,17,18,125,Ambivertido,Ambivertido,1.0,Ambivertido
2,4,5,5,2,5,5,5,1,1,3,1,2,1,4,4,4,5,2,3,3,5,1,4,1,4,5,2,3,1,5,5,5,1,1,4,5,3,1,5,3,5,2,5,3,35,28,41,39,10,146,Extrovertido,Extrovertido,2.0,Introvertido
1,4,5,5,3,3,3,5,2,5,5,5,4,5,1,3,5,1,5,1,2,1,4,3,4,4,1,4,1,4,2,3,4,4,2,1,1,1,3,1,3,3,3,4,4,35,33,40,25,11,138,Extrovertido,Extrovertido,1.0,Ambivertido
1,1,2,3,3,1,4,1,4,1,1,2,4,5,3,4,1,4,4,1,2,2,1,4,5,2,1,2,1,4,2,3,2,4,4,4,2,2,5,4,3,4,5,3,4,36,26,29,27,13,125,Ambivertido,Ambivertido,2.0,Introvertido
4,1,4,4,5,1,4,3,5,5,3,4,4,1,2,5,1,5,1,3,1,3,3,4,2,5,2,1,2,1,2,2,3,2,4,2,1,1,2,3,1,3,1,2,1,30,24,36,19,16,119,Ambivertido,Ambivertido,1.0,Ambivertido
5,2,3,3,4,5,4,2,1,1,4,1,2,1,5,4,1,2,2,2,3,1,4,2,3,4,2,1,3,2,3,2,3,3,4,4,2,3,2,4,2,5,4,2,4,32,26,32,31,12,126,Ambivertido,Ambivertido,2.0,Introvertido
1,2,5,5,5,5,5,5,5,3,1,1,3,1,5,1,1,4,3,5,1,5,5,3,3,5,5,3,5,3,3,5,3,3,1,3,1,1,2,5,3,2,1,4,1,30,37,32,33,23,142,Extrovertido,Extrovertido,1.0,Ambivertido
3,5,3,5,5,5,1,2,4,1,1,5,5,2,4,3,3,5,1,1,4,5,1,5,4,1,2,4,4,4,5,1,5,4,2,3,5,3,2,1,5,1,4,3,2,37,31,38,29,18,144,Extrovertido,Extrovertido,0.0,Extrovertido
1,3,3,2,5,2,1,3,2,2,4,4,1,4,4,3,3,2,5,1,4,2,3,2,5,3,3,1,2,4,4,1,4,2,3,3,3,3,1,3,4,2,5,5,4,34,29,33,28,14,131,Ambivertido,Ambivertido,2.0,Introvertido
2,1,1,2,1,5,3,3,2,3,1,4,4,2,2,4,4,5,4,4,1,1,1,2,3,4,5,3,3,1,4,2,5,1,2,1,3,1,3,4,2,5,4,3,5,36,27,35,25,11,126,Ambivertido,Ambivertido,2.0,Introvertido
3,2,3,5,5,4,4,4,3,5,3,3,4,2,1,2,5,3,4,1,4,2,3,3,1,5,4,1,1,3,2,2,1,5,4,1,2,4,5,5,2,4,1,5,3,45,28,35,23,13,139,Extrovertido,Extrovertido,0.0,Extrovertido
1,2,1,5,3,1,5,3,4,5,3,5,5,3,4,3,3,2,5,3,5,3,4,1,1,3,2,4,3,5,1,5,2,5,2,2,3,3,2,4,3,1,4,5,5,35,39,40,23,18,144,Extrovertido,Extrovertido,1.0,Ambivertido
2,1,2,2,1,3,1,5,1,5,3,3,2,2,4,3,2,2,1,5,3,1,1,5,3,5,5,4,2,3,4,2,3,3,5,1,5,3,3,4,2,5,5,2,1,41,32,28,27,12,130,Ambivertido,Ambivertido,0.0,Extrovertido
1,3,4,2,2,5,3,1,1,3,4,3,2,4,4,2,5,5,1,2,3,5,5,2,3,4,4,2,1,5,5,3,1,2,3,4,3,3,5,2,4,1,1,5,2,33,37,30,32,11,135,Ambivertido,Ambivertido,1.0,Ambivertido
5,5,5,2,4,2,3,3,2,3,2,3,3,2,1,4,2,5,3,5,1,1,1,3,5,2,4,2,3,2,1,1,1,4,2,4,2,2,4,1,2,3,1,2,2,37,26,26,25,16,120,Ambivertido,Ambivertido,2.0,Introvertido
5,2,4,4,1,1,2,1,2,2,2,3,5,1,4,2,4,3,2,5,1,3,2,2,5,3,5,5,5,5,2,1,1,1,2,4,4,2,5,1,1,3,4,3,2,35,32,28,29,18,127,Ambivertido,Ambivertido,2.0,Introvertido
5,2,3,1,3,2,5,2,5,2,2,2,2,4,2,2,4,4,2,1,3,4,4,3,4,1,5,3,4,3,3,4,3,3,1,5,4,5,4,1,1,1,1,2,3,37,35,23,27,16,130,Ambivertido,Ambivertido,0.0,Extrovertido
5,5,2,4,4,4,3,4,2,1,3,3,1,2,5,2,5,3,4,2,3,2,1,4,3,2,1,4,3,2,4,2,5,5,5,4,5,4,2,5,2,4,3,1,1,44,28,33,30,13,141,Extrovertido,Extrovertido,0.0,Extrovertido
5,2,4,4,4,5,3,3,5,3,4,1,2,5,3,1,5,2,5,5,5,1,1,4,5,5,5,4,2,1,1,3,5,2,3,3,3,5,5,5,5,2,4,3,5,48,35,35,31,17,158,Extrovertido,Extrovertido,0.0,Extrovertido
5,2,2,1,3,1,4,1,5,4,2,1,2,2,5,1,2,3,3,3,2,4,4,2,3,4,4,2,5,5,3,2,4,2,5,2,3,4,2,4,4,1,5,5,3,36,40,28,24,21,136,Extrovertido,Extrovertido,1.0,Ambivertido
2,4,3,1,5,5,4,3,4,2,4,1,2,3,3,5,2,5,5,1,2,2,2,5,4,4,5,5,1,3,2,4,5,5,1,5,4,5,1,3,5,4,5,5,4,41,33,35,37,14,155,Extrovertido,Extrovertido,0.0,Extrovertido
2,3,5,2,3,3,2,4,5,2,5,5,1,2,4,2,5,3,3,4,2,5,1,5,2,1,1,5,3,5,3,3,4,3,3,4,4,2,4,1,5,1,4,3,3,39,34,32,29,20,142,Extrovertido,Extrovertido,0.0,Extrovertido
5,2,2,3,3,3,5,2,2,2,5,2,1,1,1,4,5,5,3,5,1,5,4,3,4,1,4,3,3,1,2,5,3,2,4,4,4,4,4,1,1,1,4,3,2,42,31,29,27,14,134,Ambivertido,Ambivertido,0.0,Extrovertido
4,1,1,4,5,1,5,3,3,1,2,5,2,3,3,3,5,2,5,4,1,3,5,1,4,3,4,4,1,4,4,2,2,4,1,1,1,4,2,1,3,3,3,5,2,35,38,28,21,17,130,Ambivertido,Ambivertido,1.0,Ambivertido
3,5,2,1,4,2,3,3,2,3,2,4,1,4,5,4,1,2,2,4,1,4,5,5,3,4,5,1,4,1,1,1,3,1,4,5,5,2,2,4,5,3,4,3,2,33,33,34,29,15,135,Ambivertido,Ambivertido,1.0,Ambivertido
2,1,2,3,1,3,5,5,5,2,4,2,3,2,5,2,1,1,4,4,5,4,2,1,3,1,3,2,2,5,3,2,2,4,5,2,4,1,1,2,2,3,4,3,2,36,30,26,27,17,125,Ambivertido,Ambivertido,2.0,Introvertido
2,3,1,1,2,1,5,3,4,5,4,5,1,5,4,3,4,4,2,3,2,5,4,2,2,5,4,4,4,2,2,5,5,3,5,1,2,5,1,3,2,3,3,1,5,35,41,40,20,15,142,Extrovertido,Extrovertido,1.0,Ambivertido
5,2,5,4,3,5,4,4,5,3,5,1,2,1,4,5,5,4,1,5,4,5,3,2,5,4,1,1,1,1,5,2,5,4,4,4,3,1,1,4,3,1,4,1,2,39,28,39,30,15,144,Extrovertido,Extrovertido,2.0,Introvertido
4,2,1,1,2,5,5,1,2,3,5,1,5,4,4,2,5,1,3,4,4,3,1,5,5,2,4,2,5,2,3,3,3,4,2,3,4,2,5,1,3,1,3,4,2,41,34,27,30,15,136,Extrovertido,Extrovertido,0.0,Extrovertido
2,1,1,1,5,3,5,2,5,1,3,3,3,1,4,3,2,3,5,4,1,5,4,1,1,4,5,2,4,4,4,2,4,3,1,2,1,3,1,2,3,3,4,3,3,30,35,32,20,22,127,Ambivertido,Ambivertido,1.0,Ambivertido
3,2,4,2,1,2,3,5,5,5,3,4,4,3,1,3,2,5,4,5,5,3,3,2,4,1,4,3,5,5,1,5,1,2,4,3,5,1,3,1,3,2,4,2,2,43,37,26,28,21,140,Extrovertido,Extrovertido,0.0,Extrovertido
2,5,3,1,5,4,1,5,3,1,2,4,1,1,5,1,1,5,3,1,4,5,4,3,3,2,4,2,4,2,2,5,1,2,2,4,2,1,5,3,2,5,3,4,1,39,21,26,35,15,129,Ambivertido,Ambivertido,2.0,Introvertido
2,1,2,4,4,2,5,1,3,5,5,5,2,3,3,5,4,1,1,1,5,4,3,3,1,5,4,4,2,4,1,3,2,1,1,3,4,2,2,4,4,3,4,2,3,29,34,40,23,14,133,Ambivertido,Ambivertido,1.0,Ambivertido
3,2,1,5,2,5,5,2,4,2,1,3,3,3,3,2,4,2,1,4,5,5,5,3,1,1,1,1,5,1,3,3,4,3,5,2,4,2,2,2,1,5,3,2,5,34,32,33,26,16,131,Ambivertido,Ambivertido,1.0,Ambivertido
2,1,1,5,5,2,5,2,3,2,5,2,5,2,4,4,4,4,4,3,3,2,2,4,1,2,2,2,4,4,3,5,5,1,5,4,5,5,3,5,4,3,4,1,5,38,36,41,26,19,149,Extrovertido,Extrovertido,0.0,Extrovertido
3,4,3,3,5,2,4,2,5,1,1,2,4,5,3,2,1,3,5,1,5,1,3,2,3,3,2,3,5,3,4,4,4,4,2,2,3,3,5,4,4,3,1,2,3,35,36,31,25,19,137,Extrovertido,Extrovertido,1.0,Ambivertido
5,2,3,2,5,2,3,1,4,1,3,1,1,5,1,1,5,2,3,5,4,1,3,3,5,3,3,4,2,4,1,5,4,2,3,2,3,2,3,3,4,4,3,2,5,37,34,26,27,20,133,Ambivertido,Ambivertido,0.0,Extrovertido
3,2,4,4,1,4,1,2,1,3,4,5,1,3,1,4,4,2,4,4,3,3,5,2,3,4,2,1,3,3,3,5,2,2,1,4,4,1,1,1,4,2,5,1,2,31,31,32,28,12,124,Ambivertido,Ambivertido,2.0,Introvertido
3,4,3,3,1,4,5,2,5,1,5,2,4,5,3,1,2,4,2,1,5,2,2,1,4,4,1,3,5,2,4,2,5,2,2,5,3,2,3,2,5,2,4,2,2,31,35,34,28,14,134,Ambivertido,Ambivertido,1.0,Ambivertido
2,3,2,4,2,5,3,4,1,1,5,5,2,1,5,3,2,5,5,5,5,5,2,1,2,1,2,1,3,3,1,4,3,5,4,5,1,3,5,2,3,4,3,5,2,43,26,35,33,14,140,Extrovertido,Extrovertido,2.0,Introvertido
5,3,1,5,3,5,5,5,2,1,1,2,4,2,1,4,2,1,2,4,1,1,4,2,1,1,3,4,5,1,1,5,4,4,3,4,4,2,1,3,5,4,5,5,4,34,34,32,30,15,135,Ambivertido,Ambivertido,1.0,Ambivertido
5,2,5,3,1,1,2,5,2,5,4,5,1,4,2,3,2,2,1,5,3,2,2,4,4,2,1,3,4,4,4,3,3,1,3,1,4,5,5,4,3,5,2,1,2,34,41,31,26,16,135,Ambivertido,Ambivertido,1.0,Ambivertido
2,4,1,4,4,4,1,1,3,5,2,1,1,2,1,5,3,2,3,4,1,4,5,5,1,5,5,3,3,1,1,2,4,3,2,1,5,4,2,3,5,2,2,1,2,31,34,35,18,15,125,Ambivertido,Ambivertido,1.0,Ambivertido
1,3,1,4,3,2,5,5,5,5,5,1,2,4,4,5,2,2,2,1,4,5,5,3,4,1,4,4,2,5,1,1,1,5,5,3,1,2,5,4,1,5,3,4,2,41,35,33,25,16,142,Extrovertido,Extrovertido,0.0,Extrovertido
1,4,2,5,3,2,5,4,4,4,2,2,5,1,4,2,3,5,1,2,2,3,1,4,1,5,3,3,1,2,4,1,1,4,2,5,1,1,2,3,4,1,3,3,2,34,28,34,20,12,123,Ambivertido,Ambivertido,1.0,Ambivertido
5,1,5,1,4,4,3,4,2,1,5,2,4,2,2,4,3,3,5,1,1,1,3,2,4,4,4,5,1,4,1,2,1,1,1,5,5,2,2,1,5,2,4,1,3,35,28,27,30,12,126,Ambivertido,Ambivertido,2.0,Introvertido
4,1,4,4,2,3,3,3,4,3,2,5,3,5,5,1,4,5,5,4,2,2,3,1,1,3,3,2,1,5,4,1,4,3,1,2,4,3,2,3,5,3,1,4,5,34,38,33,27,16,138,Extrovertido,Extrovertido,1.0,Ambivertido
5,1,1,3,4,5,1,1,1,3,5,5,3,2,5,1,3,1,2,5,4,3,3,4,4,1,2,5,4,4,5,3,5,5,4,2,1,2,2,4,5,1,3,3,3,36,39,34,25,18,139,Extrovertido,Extrovertido,1.0,Ambivertido
1,5,4,5,5,4,4,4,5,4,1,3,5,5,4,1,5,5,1,2,5,1,4,5,1,4,3,1,3,5,1,4,2,3,4,3,4,5,3,1,5,5,3,1,1,42,39,29,30,20,150,Extrovertido,Extrovertido,0.0,Extrovertido
3,4,1,1,3,4,5,2,1,5,5,1,4,1,2,3,2,5,4,3,5,1,4,5,2,1,2,5,3,3,3,2,1,5,1,2,2,5,3,4,5,3,2,5,4,39,42,29,23,13,137,Extrovertido,Extrovertido,0.0,Extrovertido
3,5,4,1,2,5,4,3,4,1,3,4,5,5,5,2,1,2,5,1,2,1,4,1,1,3,2,2,3,2,3,2,1,4,5,4,5,2,1,4,2,5,2,1,5,31,29,34,32,12,132,Ambivertido,Ambivertido,2.0,Introvertido
4,4,1,1,3,3,5,1,2,4,4,3,1,3,5,4,5,1,3,1,5,3,2,4,3,2,3,3,2,2,4,5,1,2,4,5,1,2,2,1,3,3,3,3,3,37,31,27,29,10,129,Ambivertido,Ambivertido,2.0,Introvertido
5,1,4,5,2,4,2,5,1,5,4,1,4,2,2,5,1,1,5,1,4,4,1,5,5,5,1,1,2,4,2,3,4,3,3,2,5,1,2,1,5,1,2,5,2,37,26,36,31,10,133,Ambivertido,Ambivertido,2.0,Introvertido
3,4,3,2,4,5,4,2,3,4,4,5,3,4,2,2,2,5,4,1,3,4,3,5,3,5,3,1,2,2,1,4,5,2,3,3,2,3,3,2,2,3,5,4,2,40,27,38,29,12,141,Extrovertido,Extrovertido,2.0,Introvertido
2,4,5,4,4,5,2,1,5,3,2,3,1,1,1,1,1,4,1,1,2,4,1,5,4,5,2,1,3,3,4,2,3,1,5,3,4,3,1,1,3,2,3,2,5,28,25,33,28,16,123,Ambivertido,Ambivertido,2.0,Introvertido
1,4,4,4,1,5,2,5,3,4,2,5,1,2,3,1,2,1,5,4,1,4,3,2,2,4,2,5,1,1,5,5,4,5,2,4,5,5,4,2,2,4,3,5,5,33,34,36,37,10,144,Extrovertido,Extrovertido,2.0,Introvertido
2,3,4,1,5,1,1,1,4,2,4,5,5,3,2,5,2,2,3,3,3,5,3,2,5,2,4,4,2,1,5,3,2,2,4,1,1,5,5,5,3,2,5,4,5,35,32,42,23,15,141,Extrovertido,Extrovertido,1.0,Ambivertido
5,1,5,5,4,5,2,5,5,3,4,5,5,4,3,1,1,2,1,5,5,2,2,5,3,2,3,1,1,5,4,4,1,1,5,4,3,5,2,4,1,3,4,4,3,39,33,33,34,20,148,Extrovertido,Extrovertido,0.0,Extrovertido
1,3,2,3,1,3,2,3,2,1,2,1,3,4,5,1,5,2,4,1,4,3,5,2,3,5,2,5,1,2,1,5,5,5,2,5,4,4,5,1,4,3,5,4,4,40,30,31,34,7,138,Extrovertido,Extrovertido,2.0,Introvertido
1,3,1,1,3,3,1,1,4,3,5,1,3,3,1,3,2,5,2,1,2,5,3,2,4,1,5,5,3,5,3,2,4,1,2,1,2,4,2,4,5,4,5,1,4,30,36,34,19,16,126,Ambivertido,Ambivertido,1.0,Ambivertido
1,3,1,5,5,3,4,5,1,4,4,2,4,1,3,5,1,5,3,3,2,5,2,3,3,4,2,1,3,2,1,1,2,2,3,3,4,5,3,2,2,4,1,1,2,31,28,38,23,14,126,Ambivertido,Ambivertido,1.0,Ambivertido
2,4,1,1,1,2,3,2,5,2,2,2,1,1,4,1,1,3,5,2,1,3,3,3,4,5,2,1,1,1,2,5,2,1,1,4,4,4,4,5,1,1,4,5,5,29,21,31,30,10,117,Ambivertido,Ambivertido,2.0,Introvertido
3,4,1,3,2,4,4,5,3,1,1,5,3,2,1,3,3,3,4,2,5,2,5,2,1,1,3,3,1,1,1,4,1,3,2,5,4,4,2,1,4,5,5,5,3,40,28,27,30,9,130,Ambivertido,Ambivertido,2.0,Introvertido
2,1,2,4,3,1,4,2,3,2,5,4,3,1,4,3,1,2,4,5,1,5,3,4,4,5,4,5,1,5,1,4,2,3,5,3,4,3,1,5,5,1,3,5,3,32,35,40,28,17,141,Extrovertido,Extrovertido,1.0,Ambivertido
3,4,2,5,5,2,4,4,4,2,5,4,1,3,4,1,2,5,4,5,2,4,3,2,5,2,4,3,4,2,3,5,3,3,5,1,2,4,2,2,3,4,1,2,2,37,36,33,27,20,142,Extrovertido,Extrovertido,0.0,Extrovertido
4,2,4,4,3,1,2,3,1,3,2,4,5,1,1,5,3,2,5,3,2,2,3,1,3,5,5,3,3,3,4,5,2,1,3,5,5,2,4,5,1,2,1,1,3,34,28,39,27,13,132,Ambivertido,Ambivertido,2.0,Introvertido
5,4,4,1,3,3,3,3,5,3,2,5,4,1,1,1,4,5,1,1,2,5,4,5,5,3,1,2,2,2,2,2,3,4,4,4,4,4,5,2,3,2,2,1,4,41,27,34,26,13,136,Extrovertido,Extrovertido,2.0,Introvertido
2,4,3,1,2,5,4,1,4,5,3,1,5,4,2,3,1,5,2,1,4,5,5,2,1,5,1,5,5,3,4,3,2,5,1,4,3,2,2,3,3,5,1,1,5,27,41,37,27,15,138,Extrovertido,Extrovertido,1.0,Ambivertido
2,3,3,4,2,5,3,4,2,1,2,2,2,2,4,1,1,3,1,4,2,1,2,4,2,2,3,1,2,3,5,4,5,5,4,4,4,3,2,2,1,4,2,2,4,33,27,28,32,13,124,Ambivertido,Ambivertido,2.0,Introvertido
5,2,3,1,4,4,5,3,1,2,3,4,2,1,2,3,4,3,3,2,1,1,4,1,5,1,4,1,2,3,2,3,3,5,3,4,3,2,4,2,3,5,3,5,1,39,27,23,34,12,128,Ambivertido,Ambivertido,2.0,Introvertido
4,4,3,5,1,5,2,5,1,2,5,5,5,3,5,2,3,3,4,3,4,4,4,4,3,2,5,1,5,2,1,3,3,4,5,1,2,2,3,4,5,4,5,4,3,49,30,42,30,12,153,Extrovertido,Extrovertido,0.0,Extrovertido
5,1,5,5,1,3,3,1,5,1,3,4,5,2,3,1,2,2,2,3,5,2,2,3,1,2,4,2,5,4,3,4,4,3,2,1,2,3,4,4,5,1,2,4,3,35,33,34,24,18,132,Ambivertido,Ambivertido,1.0,Ambivertido
1,1,3,2,5,2,2,1,1,1,5,1,1,4,4,2,3,4,2,4,4,3,2,2,3,5,2,3,3,3,1,1,1,1,2,4,5,5,2,1,5,4,1,4,2,25,33,24,30,16,118,Ambivertido,Ambivertido,1.0,Ambivertido
2,5,4,5,4,3,1,5,1,3,3,3,1,5,4,1,1,4,2,3,1,5,4,2,4,3,1,4,2,5,4,4,1,4,4,5,2,5,4,2,1,2,5,4,4,35,37,33,32,15,142,Extrovertido,Extrovertido,0.0,Extrovertido
4,3,2,5,2,4,5,5,5,2,5,5,3,2,5,1,4,4,2,1,4,3,4,2,1,1,3,5,5,1,4,3,3,5,2,1,5,1,1,2,5,4,3,4,2,39,35,33,29,14,143,Extrovertido,Extrovertido,0.0,Extrovertido
3,1,5,1,5,2,4,2,3,1,3,2,2,4,1,1,3,3,1,5,4,2,5,4,4,5,5,5,2,1,3,3,5,1,4,4,2,3,1,3,1,5,2,4,2,33,34,27,30,16,132,Ambivertido,Ambivertido,1.0,Ambivertido
3,5,2,1,5,2,1,2,4,5,4,4,3,1,4,1,3,1,2,3,4,4,4,5,3,2,4,4,3,3,3,5,4,3,5,2,4,4,4,4,1,4,2,4,5,38,32,37,30,18,146,Extrovertido,Extrovertido,0.0,Extrovertido
4,3,5,3,5,3,5,4,2,5,5,3,1,4,4,5,5,4,5,4,1,3,1,3,4,2,1,2,5,2,4,1,1,1,1,5,5,1,5,1,1,2,1,4,1,35,34,28,33,18,137,Extrovertido,Extrovertido,0.0,Extrovertido
5,4,2,5,5,2,3,4,3,2,2,5,2,1,4,2,4,2,2,2,4,1,1,4,4,1,1,4,2,1,1,3,4,3,3,1,2,1,3,1,2,3,2,1,1,37,20,28,22,13,115,Ambivertido,Ambivertido,2.0,Introvertido
2,4,4,1,4,1,5,2,3,2,5,4,3,2,3,2,2,3,1,3,3,4,5,3,2,4,2,4,1,5,4,4,1,1,5,4,4,3,4,3,5,2,2,3,2,30,39,33,27,16,136,Extrovertido,Extrovertido,1.0,Ambivertido
4,2,5,4,3,5,4,4,4,1,1,1,3,4,3,4,5,3,2,2,1,3,4,4,2,1,1,1,4,2,5,5,1,1,1,5,5,5,2,5,2,2,5,5,1,33,34,26,37,15,137,Extrovertido,Extrovertido,2.0,Introvertido
4,5,4,2,3,4,3,5,1,5,5,5,5,4,3,1,3,2,3,5,1,4,2,1,1,2,5,1,4,1,5,1,2,4,5,2,2,2,5,2,1,3,2,1,2,40,33,35,21,14,133,Ambivertido,Ambivertido,0.0,Extrovertido
5,4,3,5,5,1,4,2,2,2,4,1,2,3,2,3,3,4,3,1,1,1,2,5,3,5,1,2,5,5,3,1,1,4,5,5,4,2,3,1,4,4,3,5,2,39,33,29,28,18,136,Extrovertido,Extrovertido,0.0,Extrovertido
3,2,3,2,4,3,3,3,1,4,5,5,3,1,1,4,4,1,5,1,5,5,3,1,1,3,5,1,3,2,1,3,1,5,1,4,2,4,2,4,1,5,3,3,4,38,24,38,25,11,130,Ambivertido,Ambivertido,2.0,Introvertido
3,5,2,4,5,2,2,2,3,2,3,5,3,4,2,1,4,4,1,3,2,5,4,1,2,1,2,4,2,1,3,5,3,1,5,5,2,1,4,5,5,1,3,5,1,32,31,36,26,14,133,Ambivertido,Ambivertido,1.0,Ambivertido
3,1,3,4,4,4,2,2,1,2,1,2,3,3,5,2,5,3,1,3,1,3,2,4,2,4,4,3,3,3,5,5,5,1,4,3,4,5,3,5,3,2,3,1,5,34,34,35,29,14,137,Extrovertido,Extrovertido,1.0,Ambivertido
3,4,2,4,4,1,2,5,2,2,2,3,4,3,2,4,1,5,5,3,2,4,3,2,4,1,5,3,4,2,3,4,5,5,2,2,3,1,3,5,5,3,3,2,2,41,31,38,23,15,139,Extrovertido,Extrovertido,0.0,Extrovertido
2,4,4,1,1,2,4,2,4,1,1,3,3,3,2,2,2,2,2,3,3,5,2,1,2,2,2,1,1,4,1,5,3,5,4,2,2,5,1,1,1,5,2,4,5,28,26,30,28,13,117,Ambivertido,Ambivertido,2.0,Introvertido
1,2,3,1,2,3,2,2,5,3,1,4,5,3,4,1,2,2,5,2,3,3,5,3,3,5,3,3,1,4,1,1,1,4,4,5,2,1,5,4,4,1,1,2,1,35,29,28,24,14,123,Ambivertido,Ambivertido,2.0,Introvertido
5,3,1,1,2,3,1,1,1,2,5,3,5,3,4,5,1,4,3,1,4,1,5,4,3,1,5,2,5,4,3,1,5,2,1,4,1,1,3,5,5,1,4,4,3,37,32,37,22,13,131,Ambivertido,Ambivertido,1.0,Ambivertido
1,4,5,1,3,1,2,3,1,4,1,5,1,4,4,4,2,3,1,2,5,3,2,5,5,2,3,2,2,4,4,1,3,2,4,3,5,2,1,5,1,2,3,3,4,33,29,33,29,12,128,Ambivertido,Ambivertido,2.0,Introvertido
2,2,4,5,3,2,2,1,1,4,1,1,1,5,4,5,1,1,1,2,2,1,3,5,3,2,1,5,5,5,2,4,4,3,2,5,1,5,3,4,5,2,3,1,4,25,43,30,26,16,128,Ambivertido,Ambivertido,1.0,Ambivertido
3,5,4,2,1,3,4,5,5,2,1,2,2,3,4,5,4,4,5,4,5,4,2,5,5,3,4,2,5,4,3,3,4,1,4,4,3,2,1,5,1,2,4,2,4,45,32,37,30,19,150,Extrovertido,Extrovertido,0.0,Extrovertido
2,2,1,1,4,2,1,2,5,2,1,5,4,1,5,1,1,1,3,2,4,4,4,4,3,5,1,1,3,4,5,3,3,2,1,1,1,3,1,2,1,4,4,2,3,26,27,31,22,18,115,Ambivertido,Ambivertido,1.0,Ambivertido
4,5,5,3,3,3,1,2,1,3,2,1,5,3,4,5,2,3,2,3,1,1,1,4,3,3,2,4,5,3,5,4,2,4,4,1,3,4,4,2,1,1,4,1,5,36,33,34,25,15,132,Ambivertido,Ambivertido,1.0,Ambivertido
2,1,2,5,4,3,1,4,5,3,1,4,4,2,2,5,1,5,2,5,1,3,2,5,4,1,4,3,1,3,3,5,1,3,1,2,1,5,2,1,1,3,4,2,4,34,29,30,24,18,126,Ambivertido,Ambivertido,2.0,Introvertido
2,1,3,5,5,2,2,5,4,3,2,2,2,2,4,1,3,2,1,1,1,3,2,5,3,2,3,1,5,1,5,3,5,4,5,1,4,5,1,4,4,3,2,5,2,34,31,29,28,16,131,Ambivertido,Ambivertido,2.0,Introvertido
2,2,2,1,4,2,3,5,1,1,1,2,4,4,3,4,5,4,2,5,2,4,2,4,1,3,2,5,3,4,3,4,2,3,2,5,2,5,2,2,2,4,4,3,4,37,37,29,26,17,134,Ambivertido,Ambivertido,0.0,Extrovertido
1,2,1,2,1,2,2,4,4,3,2,3,1,2,3,4,3,1,3,1,1,4,5,4,4,2,3,1,1,3,5,1,2,3,4,1,3,2,2,1,1,5,3,1,5,32,26,28,21,10,112,Ambivertido,Ambivertido,2.0,Introvertido
2,2,4,2,4,4,3,4,2,2,3,5,5,1,4,5,5,1,1,4,1,5,1,1,2,4,4,2,2,2,4,1,3,4,5,4,3,1,3,1,1,3,2,1,1,33,23,36,26,14,124,Ambivertido,Ambivertido,2.0,Introvertido
2,5,4,1,3,3,1,4,2,3,5,2,2,1,3,1,1,5,1,2,1,4,5,2,1,3,1,4,5,5,1,1,2,1,5,3,1,5,2,2,3,1,2,1,5,27,35,32,18,17,117,Ambivertido,Ambivertido,1.0,Ambivertido
3,5,2,2,5,1,5,3,1,3,4,2,5,1,2,5,4,1,4,5,1,1,1,3,2,4,2,5,1,3,3,3,5,5,5,2,2,2,2,4,1,2,5,1,5,38,30,42,17,15,133,Ambivertido,Ambivertido,1.0,Ambivertido
4,4,1,2,3,3,1,4,1,2,3,5,2,5,4,4,5,4,1,4,4,4,5,2,1,3,2,5,3,1,2,1,1,2,1,5,5,3,5,2,4,5,2,4,3,36,35,33,29,12,137,Extrovertido,Extrovertido,0.0,Extrovertido
3,5,4,2,5,3,5,5,5,4,3,3,4,5,5,1,5,4,2,1,1,1,4,1,5,3,3,3,5,1,3,1,3,1,2,4,3,2,1,4,2,5,2,1,3,30,35,32,31,17,138,Extrovertido,Extrovertido,1.0,Ambivertido
2,2,4,2,1,3,1,1,4,5,5,2,2,1,5,2,5,4,1,1,2,3,4,5,4,1,2,1,3,1,4,2,2,3,1,3,4,5,4,5,3,2,1,1,1,31,29,27,28,10,120,Ambivertido,Ambivertido,2.0,Introvertido
4,2,3,1,3,2,3,3,2,4,4,5,2,2,4,5,5,2,2,2,2,4,1,3,1,4,1,1,4,4,4,4,3,4,3,3,2,3,4,2,3,3,5,5,5,38,31,37,27,15,138,Extrovertido,Extrovertido,0.0,Extrovertido
5,5,5,2,2,4,3,1,4,2,3,5,1,1,5,2,1,3,5,5,4,1,4,5,2,4,4,1,3,5,4,5,3,1,4,5,2,1,3,4,3,3,1,1,3,37,32,33,32,19,140,Extrovertido,Extrovertido,0.0,Extrovertido
3,5,4,3,4,2,1,1,5,2,3,5,5,5,3,5,4,4,4,2,2,3,5,5,4,4,4,5,2,4,3,2,2,1,3,3,4,5,5,4,2,4,5,5,2,41,36,41,31,17,158,Extrovertido,Extrovertido,0.0,Extrovertido
4,2,2,1,4,3,3,1,1,1,2,4,1,5,2,1,3,3,1,3,5,3,5,2,5,1,1,4,2,2,2,3,5,3,2,1,3,5,5,3,5,3,1,4,2,31,37,25,26,12,124,Ambivertido,Ambivertido,1.0,Ambivertido
4,2,1,1,3,3,3,2,2,5,1,1,3,3,5,4,5,5,3,4,2,4,5,3,2,4,1,1,2,3,5,2,3,4,2,3,2,3,4,5,3,4,4,1,2,39,37,30,23,14,134,Ambivertido,Ambivertido,0.0,Extrovertido
3,1,5,1,3,3,3,2,5,4,4,1,2,4,1,1,1,4,3,1,4,4,1,3,5,2,1,2,3,5,5,3,1,2,2,1,4,2,4,4,2,2,1,3,2,30,32,23,27,17,120,Ambivertido,Ambivertido,1.0,Ambivertido
1,2,2,5,4,3,5,5,2,4,1,5,4,3,2,2,4,5,3,2,2,2,2,1,3,4,2,3,2,3,4,2,1,3,3,2,2,3,3,4,2,3,3,5,5,35,33,35,24,13,133,Ambivertido,Ambivertido,1.0,Ambivertido
4,5,4,4,2,4,5,4,2,1,4,1,4,1,1,3,1,2,1,5,1,2,1,4,5,1,3,1,5,4,1,1,2,1,5,2,2,1,1,4,5,3,4,5,1,31,30,31,27,18,123,Ambivertido,Ambivertido,1.0,Ambivertido
3,3,3,3,3,3,4,5,4,4,5,1,1,3,4,5,2,4,3,5,3,3,3,4,3,3,2,5,1,4,3,5,4,5,2,2,5,2,1,4,2,2,2,2,3,36,36,35,29,17,143,Extrovertido,Extrovertido,0.0,Extrovertido
4,5,2,3,2,4,4,4,5,3,5,2,1,1,1,4,3,5,1,5,2,3,5,3,1,1,4,4,5,1,5,4,1,2,5,4,3,2,3,2,4,2,5,5,4,41,39,31,26,18,144,Extrovertido,Extrovertido,0.0,Extrovertido
5,3,2,4,3,3,5,2,2,5,3,3,5,5,4,5,5,3,2,4,3,3,4,4,3,2,3,5,3,4,1,3,4,2,2,4,2,1,5,4,4,4,5,4,2,41,41,38,29,16,154,Extrovertido,Extrovertido,0.0,Extrovertido
3,1,5,4,5,5,1,4,3,1,4,5,2,2,1,2,3,3,4,2,4,1,3,5,1,5,1,3,3,3,1,3,3,2,3,5,2,4,3,2,1,3,4,1,1,39,24,30,26,16,127,Ambivertido,Ambivertido,2.0,Introvertido
4,1,3,5,3,2,5,5,2,4,2,2,2,2,4,1,4,3,3,2,1,4,5,1,2,2,4,4,4,1,5,4,4,1,3,2,1,3,4,3,3,3,5,1,3,38,38,29,22,12,132,Ambivertido,Ambivertido,1.0,Ambivertido
2,1,1,4,2,2,1,2,3,5,4,3,3,3,3,5,2,2,2,2,2,3,2,4,5,1,2,5,5,2,3,2,4,1,2,1,2,3,4,5,5,5,5,3,1,30,36,34,24,14,129,Ambivertido,Ambivertido,1.0,Ambivertido
2,2,3,1,1,1,4,5,2,2,5,1,3,1,5,5,5,3,5,3,3,5,2,2,4,4,4,5,2,2,4,2,1,3,1,1,1,4,4,5,3,3,5,5,1,42,32,33,25,10,135,Ambivertido,Ambivertido,0.0,Extrovertido
5,4,2,4,2,3,5,1,1,2,3,4,5,4,5,5,4,3,5,5,4,2,1,2,5,1,2,3,5,2,4,4,2,1,5,5,4,1,1,2,5,4,4,1,4,37,37,36,33,15,146,Extrovertido,Extrovertido,0.0,Extrovertido
3,1,2,4,1,4,1,1,5,3,1,5,3,3,4,3,4,3,2,4,3,5,4,4,4,1,3,4,3,3,2,3,4,3,1,3,4,3,2,5,3,2,5,3,3,34,33,35,29,16,137,Extrovertido,Extrovertido,1.0,Ambivertido
4,5,4,2,2,1,3,4,5,5,3,5,4,3,4,3,1,2,5,5,2,1,3,1,4,4,5,2,5,5,4,1,2,1,1,1,5,5,2,2,5,1,1,2,1,29,45,32,23,22,136,Extrovertido,Extrovertido,1.0,Ambivertido
5,3,5,4,1,4,1,4,4,2,2,1,1,3,1,1,5,3,2,5,1,2,1,5,1,3,4,2,3,5,4,5,1,2,3,5,5,3,5,3,2,2,2,3,3,41,31,24,31,18,132,Ambivertido,Ambivertido,0.0,Extrovertido
5,2,4,2,2,4,3,1,5,4,1,3,5,4,4,3,1,4,1,2,5,1,5,2,2,5,1,4,5,1,3,5,4,5,5,1,5,5,4,3,5,4,1,4,4,35,41,33,33,15,149,Extrovertido,Extrovertido,0.0,Extrovertido
1,4,3,4,2,4,4,4,5,3,5,2,4,3,5,3,5,1,3,1,4,5,3,1,4,2,2,1,1,2,1,2,5,1,1,3,5,2,4,3,2,2,4,5,3,31,23,40,33,11,134,Ambivertido,Ambivertido,2.0,Introvertido
3,2,3,5,1,1,2,5,2,5,3,2,5,1,2,2,1,1,4,2,2,2,2,1,1,4,4,4,3,5,3,2,5,2,4,2,1,3,4,1,4,2,5,4,5,36,34,36,18,13,127,Ambivertido,Ambivertido,1.0,Ambivertido
5,2,1,4,5,1,2,3,2,3,3,5,5,3,5,2,3,1,5,5,2,1,4,2,4,5,5,3,4,5,1,1,5,2,3,2,4,2,5,2,2,4,3,5,4,39,34,38,27,21,145,Extrovertido,Extrovertido,0.0,Extrovertido
5,1,2,3,4,2,2,5,4,5,3,1,1,3,2,2,4,3,2,2,1,5,5,5,5,3,5,2,4,5,2,3,4,2,5,5,1,2,4,1,4,4,5,3,1,46,36,25,27,19,142,Extrovertido,Extrovertido,0.0,Extrovertido
2,4,2,2,4,4,1,3,3,4,2,5,3,2,5,5,2,3,4,1,5,2,1,4,5,4,5,5,4,3,4,4,2,4,3,3,3,2,5,5,3,1,1,2,5,41,30,39,29,15,146,Extrovertido,Extrovertido,0.0,Extrovertido
5,5,3,3,2,1,3,1,2,1,2,1,5,1,2,1,4,5,3,4,1,5,3,4,3,3,5,2,3,1,4,1,2,1,5,5,1,2,2,4,3,3,1,5,3,37,27,34,24,12,126,Ambivertido,Ambivertido,2.0,Introvertido
5,4,5,2,2,1,2,2,3,4,4,2,4,1,5,4,3,3,4,4,4,2,4,4,5,2,5,1,1,2,4,3,1,1,5,3,5,2,1,2,1,2,1,5,3,38,26,30,34,12,133,Ambivertido,Ambivertido,2.0,Introvertido
2,3,4,4,4,5,1,5,2,1,3,1,2,5,1,3,5,4,1,5,5,4,5,2,4,1,1,1,3,4,5,2,5,1,3,4,3,3,4,2,2,4,5,1,3,38,35,31,28,18,138,Extrovertido,Extrovertido,0.0,Extrovertido
3,4,1,4,1,4,4,5,3,1,3,3,3,4,2,5,4,3,3,3,4,3,4,3,1,4,4,5,1,4,5,5,5,3,1,5,2,3,5,4,4,3,1,3,3,39,38,41,26,12,148,Extrovertido,Extrovertido,0.0,Extrovertido
5,5,1,2,2,3,3,5,2,5,5,3,4,5,3,4,4,4,2,1,1,1,4,1,3,3,3,3,2,3,5,2,5,3,5,3,5,5,2,3,4,2,1,4,1,36,40,36,26,10,142,Extrovertido,Extrovertido,1.0,Ambivertido
2,1,1,3,5,3,3,2,5,1,2,2,3,4,2,1,1,5,1,3,4,4,5,4,2,1,3,3,2,5,5,1,4,2,4,2,4,5,4,4,3,4,4,5,2,36,39,27,24,20,136,Extrovertido,Extrovertido,1.0,Ambivertido
2,3,3,1,5,2,1,5,3,5,4,4,3,1,1,4,5,1,4,2,1,3,2,4,5,4,4,1,2,2,4,3,5,2,3,2,5,5,5,1,4,1,1,4,5,37,29,37,26,14,137,Extrovertido,Extrovertido,2.0,Introvertido
4,3,3,4,5,5,2,3,3,3,4,1,4,3,1,4,5,3,3,3,3,1,5,2,2,2,4,4,3,2,1,4,4,1,2,2,1,1,5,4,3,5,1,3,1,36,30,32,26,16,132,Ambivertido,Ambivertido,2.0,Introvertido
5,3,4,4,4,2,5,3,4,4,2,5,5,4,1,2,4,1,3,4,2,1,3,5,3,1,3,2,5,4,5,4,1,5,5,4,3,1,2,1,1,3,4,3,5,42,38,30,27,21,145,Extrovertido,Extrovertido,0.0,Extrovertido
3,4,2,3,3,5,4,1,3,3,2,1,1,3,3,1,4,5,4,4,4,1,3,1,1,4,2,3,3,2,4,5,3,1,2,2,4,3,5,2,5,2,3,5,5,35,37,27,29,15,134,Ambivertido,Ambivertido,1.0,Ambivertido
2,2,4,4,5,5,1,4,3,4,1,3,5,5,1,2,1,1,1,3,5,2,3,4,4,3,4,4,2,2,4,5,5,2,5,2,2,3,1,4,2,4,2,3,4,32,33,35,30,15,138,Extrovertido,Extrovertido,1.0,Ambivertido
3,4,5,4,1,3,5,3,3,4,4,3,5,3,1,3,3,5,3,5,1,3,4,5,5,5,3,5,5,4,1,3,2,1,1,3,1,5,2,1,4,1,4,5,2,34,45,36,27,18,146,Extrovertido,Extrovertido,1.0,Ambivertido
3,3,2,3,3,1,1,2,3,3,1,4,5,5,5,3,4,1,5,2,5,2,4,3,4,1,2,5,5,5,5,1,3,3,2,1,4,4,3,4,4,3,5,2,5,38,43,34,23,18,144,Extrovertido,Extrovertido,1.0,Ambivertido
3,1,1,4,3,1,3,2,1,2,1,1,3,4,5,3,3,1,4,5,4,4,5,3,5,1,1,2,3,5,1,1,4,1,3,1,1,5,5,3,3,5,1,5,5,31,38,30,25,17,128,Ambivertido,Ambivertido,1.0,Ambivertido
5,1,4,4,1,5,5,3,3,1,3,2,1,2,3,1,1,3,4,1,4,2,2,2,2,3,3,1,5,5,5,1,4,1,1,2,5,3,1,4,2,1,5,4,5,33,32,30,27,15,126,Ambivertido,Ambivertido,1.0,Ambivertido
5,2,5,2,5,5,1,5,3,1,1,4,1,1,5,3,4,1,4,1,3,4,2,5,3,2,2,3,5,3,5,4,3,5,4,4,3,3,5,1,2,2,2,4,3,45,27,26,35,17,141,Extrovertido,Extrovertido,2.0,Introvertido
5,1,1,3,4,2,2,1,4,3,4,2,3,3,3,5,2,4,3,2,4,2,4,3,2,2,1,2,4,2,1,4,2,2,2,5,2,3,4,1,3,4,5,4,1,36,29,26,27,16,126,Ambivertido,Ambivertido,2.0,Introvertido
1,2,2,3,2,3,1,4,2,5,2,5,3,1,1,3,4,3,3,1,4,4,3,2,2,5,5,5,3,5,5,5,2,5,5,5,5,3,2,1,4,2,4,4,1,42,36,31,29,13,142,Extrovertido,Extrovertido,0.0,Extrovertido
5,2,4,4,4,4,1,3,2,3,4,4,5,4,4,4,2,5,5,2,4,4,4,4,5,5,3,2,4,4,3,3,5,5,2,1,3,5,3,3,5,4,2,3,1,43,37,41,31,16,158,Extrovertido,Extrovertido,0.0,Extrovertido
2,2,5,1,5,4,1,3,1,5,1,1,5,5,3,5,4,5,1,5,1,5,3,4,4,2,1,3,1,1,5,2,2,2,4,5,5,4,5,5,4,5,1,4,2,33,37,31,37,13,144,Extrovertido,Extrovertido,0.0,Extrovertido
1,3,5,3,5,5,4,4,2,4,3,5,5,2,1,2,5,1,2,3,3,1,2,1,4,3,5,1,2,1,5,5,2,4,5,3,1,1,5,4,2,2,5,1,4,41,27,35,27,13,137,Extrovertido,Extrovertido,2.0,Introvertido
3,4,4,2,4,3,5,5,1,5,5,2,4,3,1,2,2,2,2,4,5,4,2,1,4,2,5,1,4,5,1,3,5,5,4,3,1,2,4,1,2,2,4,1,3,42,34,34,22,18,137,Extrovertido,Extrovertido,0.0,Extrovertido
1,1,4,1,5,4,5,2,5,3,2,3,4,2,2,1,2,4,1,4,5,3,1,3,1,1,3,2,3,3,3,1,2,2,1,1,1,2,1,5,1,5,1,1,1,26,29,24,20,20,109,Ambivertido,Ambivertido,1.0,Ambivertido
5,2,2,5,1,4,1,1,1,1,3,3,2,5,1,4,5,1,3,1,2,4,3,1,2,5,1,5,4,3,4,5,3,1,1,4,3,1,5,1,4,3,3,1,5,29,32,37,25,10,125,Ambivertido,Ambivertido,1.0,Ambivertido
4,3,3,4,4,2,2,5,2,1,4,2,2,1,3,1,3,3,5,4,5,5,1,2,2,1,2,4,1,3,3,3,4,2,5,1,5,4,3,4,2,2,5,4,2,44,26,32,25,14,133,Ambivertido,Ambivertido,2.0,Introvertido
1,2,3,3,1,1,4,3,5,3,3,3,3,5,1,3,2,4,3,1,4,4,5,5,5,2,1,5,3,3,4,2,4,3,2,4,1,4,1,3,4,4,1,5,5,30,41,35,26,13,138,Extrovertido,Extrovertido,1.0,Ambivertido
1,5,3,1,4,1,4,4,1,3,4,1,2,2,4,2,3,1,1,5,2,4,4,2,1,2,4,2,2,4,1,4,1,2,2,1,2,5,2,1,5,2,2,2,1,26,37,24,20,16,112,Ambivertido,Ambivertido,1.0,Ambivertido
3,3,3,1,5,3,4,2,5,5,4,2,5,4,4,2,3,1,2,1,5,1,4,4,3,2,1,1,2,2,5,3,4,4,5,2,2,4,2,5,1,1,1,4,3,33,33,32,25,15,133,Ambivertido,Ambivertido,1.0,Ambivertido
5,5,2,2,1,3,5,3,3,4,4,2,5,5,1,4,5,2,2,1,4,2,3,4,3,3,1,4,3,4,1,2,2,4,1,4,5,4,5,2,2,1,4,2,1,40,36,32,23,12,135,Ambivertido,Ambivertido,0.0,Extrovertido
1,2,4,1,2,3,4,2,3,5,3,3,5,2,2,1,3,3,3,4,1,1,1,2,1,1,3,2,4,2,5,5,4,2,3,2,5,1,2,3,4,1,4,4,5,29,34,29,27,15,124,Ambivertido,Ambivertido,1.0,Ambivertido
5,2,4,1,1,4,3,2,1,4,3,3,4,4,2,5,1,4,2,5,3,1,3,1,2,2,2,4,4,3,2,3,3,2,3,2,5,5,2,4,5,1,5,1,3,32,42,31,24,14,131,Ambivertido,Ambivertido,1.0,Ambivertido
5,4,3,2,2,4,1,2,2,5,2,2,4,3,3,1,5,4,2,5,5,1,5,3,1,2,3,2,1,1,5,3,4,5,4,4,5,2,2,4,4,1,1,1,5,41,34,31,25,11,135,Ambivertido,Ambivertido,0.0,Extrovertido
4,5,5,5,3,5,4,4,4,1,4,5,4,5,4,5,3,5,5,1,1,3,3,3,5,1,5,3,2,2,1,2,2,2,5,4,3,1,2,3,3,2,4,1,2,43,26,39,31,12,146,Extrovertido,Extrovertido,2.0,Introvertido
1,3,2,1,2,2,5,2,3,5,2,1,5,3,3,4,5,4,4,3,1,3,3,5,5,2,4,1,1,1,3,2,4,4,3,5,1,5,5,3,2,5,4,2,4,42,32,32,27,10,138,Extrovertido,Extrovertido,0.0,Extrovertido
1,4,1,2,4,1,2,3,5,1,3,1,2,4,3,2,4,4,1,1,3,1,4,3,5,5,1,3,5,5,2,4,1,5,1,3,2,4,3,2,3,4,3,2,1,32,34,24,25,20,124,Ambivertido,Ambivertido,1.0,Ambivertido
3,4,1,2,2,4,1,5,4,2,2,3,4,5,4,1,2,1,1,2,3,1,1,5,5,3,3,1,5,4,1,5,2,2,4,2,4,3,2,1,2,2,1,5,3,32,27,26,32,17,123,Ambivertido,Ambivertido,2.0,Introvertido
5,2,5,5,5,2,2,5,4,2,2,4,4,1,1,3,1,5,5,3,3,5,2,2,1,4,2,2,5,5,5,5,3,2,5,2,1,4,3,4,4,2,2,1,2,40,35,38,20,22,142,Extrovertido,Extrovertido,0.0,Extrovertido
5,5,1,4,2,2,2,4,1,2,1,1,2,4,4,4,2,2,4,2,1,1,2,1,1,5,4,1,3,3,2,3,2,1,1,3,4,3,3,3,5,3,3,5,5,31,29,33,26,11,122,Ambivertido,Ambivertido,2.0,Introvertido
4,1,2,1,1,5,5,1,2,3,5,2,1,2,3,2,5,2,5,1,2,3,5,1,3,4,3,4,4,5,2,3,1,3,3,5,2,2,2,2,4,4,3,2,3,34,37,25,29,13,128,Ambivertido,Ambivertido,1.0,Ambivertido
2,5,5,4,3,4,3,2,2,4,2,2,3,1,1,1,4,1,1,4,2,3,2,1,5,4,1,2,1,3,3,1,3,4,4,1,3,5,1,1,3,1,4,1,5,27,31,33,22,13,118,Ambivertido,Ambivertido,1.0,Ambivertido
4,4,3,2,1,3,2,5,4,4,3,3,2,1,3,3,3,3,5,3,5,3,3,1,1,3,2,2,3,3,5,1,2,1,5,4,1,3,4,2,1,3,3,2,2,41,30,29,21,14,126,Ambivertido,Ambivertido,0.0,Extrovertido
4,4,1,3,4,5,2,5,5,3,4,4,2,5,2,3,3,4,2,1,4,3,5,5,3,2,4,3,1,3,4,1,1,2,3,3,1,1,2,5,3,4,1,4,4,39,31,35,24,14,138,Extrovertido,Extrovertido,0.0,Extrovertido
4,2,5,2,5,3,1,5,4,1,5,4,4,5,4,5,5,5,3,3,2,1,5,5,5,5,4,5,5,3,5,1,2,4,4,3,1,1,5,5,3,1,4,2,5,50,37,40,25,20,161,Extrovertido,Extrovertido,0.0,Extrovertido
5,1,2,5,5,4,5,1,1,4,3,5,1,5,4,1,4,5,1,3,4,4,2,3,2,3,3,1,4,3,3,3,2,3,5,1,5,2,5,5,4,5,5,2,2,44,36,32,28,16,146,Extrovertido,Extrovertido,0.0,Extrovertido
4,2,4,2,2,1,4,2,3,5,2,1,1,1,3,5,2,3,5,2,4,2,1,3,4,3,5,1,5,1,2,3,5,3,1,3,1,1,1,1,5,5,3,1,4,36,28,28,25,13,122,Ambivertido,Ambivertido,2.0,Introvertido
2,2,5,3,2,4,1,1,4,4,4,4,2,1,1,4,3,4,5,4,3,3,1,1,3,3,3,4,5,3,2,3,4,4,4,4,4,3,3,2,5,2,4,3,4,37,33,35,29,18,140,Extrovertido,Extrovertido,0.0,Extrovertido
5,3,2,4,4,4,3,2,5,3,4,3,2,4,4,4,2,4,4,2,4,5,4,3,2,1,1,2,4,5,5,5,4,4,5,2,5,1,1,1,3,3,2,5,2,37,36,33,32,20,147,Extrovertido,Extrovertido,0.0,Extrovertido
1,3,1,2,3,1,1,4,4,2,4,3,2,1,4,2,5,2,3,2,1,3,3,1,5,4,2,2,2,3,2,4,2,3,2,5,1,3,1,5,1,2,4,2,4,29,22,34,25,14,117,Ambivertido,Ambivertido,2.0,Introvertido
3,3,1,2,1,2,4,4,5,4,4,4,4,5,1,1,4,3,1,4,5,3,4,5,5,2,2,5,2,1,4,2,1,5,4,2,1,2,3,1,3,5,2,5,5,41,38,30,24,13,139,Extrovertido,Extrovertido,0.0,Extrovertido
3,1,1,4,3,3,4,2,3,2,3,3,5,5,5,5,5,4,4,1,4,5,2,3,2,5,5,3,5,2,3,4,5,2,3,1,2,4,3,2,2,2,1,1,5,39,33,43,21,14,142,Extrovertido,Extrovertido,0.0,Extrovertido
5,4,4,2,2,3,4,1,3,5,1,1,3,5,3,4,1,2,2,1,3,4,5,4,5,3,4,3,2,1,1,5,4,4,1,4,2,4,2,2,2,1,3,1,1,32,33,29,28,9,127,Ambivertido,Ambivertido,2.0,Introvertido
4,1,3,1,2,4,5,2,4,3,4,2,2,4,5,5,5,3,4,5,4,4,5,5,3,1,5,4,3,3,2,4,1,1,2,1,3,5,4,3,5,4,5,2,5,44,44,29,29,17,152,Extrovertido,Extrovertido,0.0,Extrovertido
2,5,3,1,2,2,1,4,2,1,2,3,4,1,1,4,2,2,5,1,2,5,1,2,5,1,4,1,4,3,4,5,3,3,2,4,5,1,1,4,4,5,1,3,5,30,22,37,33,12,126,Ambivertido,Ambivertido,2.0,Introvertido
1,5,1,5,1,2,5,2,4,4,4,3,5,5,2,1,4,3,4,4,2,3,1,4,4,1,4,5,2,2,1,5,1,3,2,2,5,5,5,2,5,4,3,3,3,37,39,33,28,13,142,Extrovertido,Extrovertido,0.0,Extrovertido
2,2,2,1,4,4,3,3,4,2,1,1,4,5,3,2,2,4,1,5,1,1,2,2,5,1,3,4,1,2,1,5,4,4,4,5,2,1,1,1,2,4,2,2,5,29,28,23,32,16,120,Ambivertido,Ambivertido,2.0,Introvertido
3,5,2,2,1,4,3,1,5,3,4,2,3,4,3,1,5,2,5,3,2,1,1,5,5,4,4,1,2,3,2,5,3,1,2,5,3,1,5,5,5,4,5,2,2,40,28,32,33,14,139,Extrovertido,Extrovertido,2.0,Introvertido
5,3,1,5,3,1,2,1,3,2,4,5,4,4,3,1,5,1,3,3,4,2,1,2,3,5,1,4,3,2,3,4,5,1,1,3,2,4,4,1,3,2,3,1,4,31,31,39,20,14,127,Ambivertido,Ambivertido,1.0,Ambivertido
5,1,4,2,5,3,3,3,4,4,5,3,5,2,5,3,3,3,1,1,3,3,5,3,3,3,1,1,4,3,1,1,4,5,3,4,1,1,5,3,5,3,3,4,3,38,30,35,28,17,140,Extrovertido,Extrovertido,0.0,Extrovertido
3,5,1,3,1,4,5,1,3,2,2,1,4,5,5,2,4,3,1,4,5,5,3,2,1,1,5,4,2,5,3,4,3,3,2,2,1,3,4,2,4,2,4,2,5,37,40,33,22,15,136,Extrovertido,Extrovertido,1.0,Ambivertido
2,1,5,4,1,4,1,5,2,1,4,2,2,2,4,1,2,4,5,5,4,2,3,4,2,2,5,2,5,2,2,2,2,5,5,4,5,2,3,2,3,2,2,4,4,46,28,26,32,15,135,Ambivertido,Ambivertido,0.0,Extrovertido
5,1,3,2,2,2,4,3,4,4,3,4,1,5,1,4,3,1,4,2,1,3,5,1,3,2,4,1,5,1,2,2,3,5,5,5,4,1,5,1,2,1,3,3,5,40,32,29,24,14,131,Ambivertido,Ambivertido,0.0,Extrovertido
2,1,2,5,4,2,5,2,1,1,4,5,4,4,2,2,5,1,5,2,1,1,3,4,5,5,3,2,1,3,5,1,5,3,3,1,5,4,4,5,2,5,5,5,1,38,32,38,28,11,141,Extrovertido,Extrovertido,0.0,Extrovertido
5,4,5,1,2,1,5,4,3,2,3,3,3,4,2,1,2,3,3,1,3,2,3,5,1,1,5,5,3,1,2,3,5,3,4,2,5,1,5,3,3,4,3,2,5,45,30,31,25,10,136,Extrovertido,Extrovertido,0.0,Extrovertido
5,5,1,4,5,3,2,3,1,5,3,2,1,2,3,2,3,2,2,3,2,3,2,1,2,3,4,5,4,5,5,3,3,4,4,2,3,5,5,2,2,1,5,5,2,40,40,30,23,18,139,Extrovertido,Extrovertido,0.0,Extrovertido
1,1,4,3,5,5,4,2,1,5,5,1,5,1,2,4,2,4,5,1,4,3,3,4,4,1,2,4,5,5,5,2,5,4,5,3,3,5,5,4,2,3,5,5,3,43,40,35,31,17,155,Extrovertido,Extrovertido,0.0,Extrovertido
5,5,1,2,3,4,2,4,3,1,1,1,1,3,2,5,3,5,1,1,4,3,4,2,5,4,4,2,5,1,5,5,5,3,1,2,5,3,1,4,5,2,3,3,3,36,32,34,29,13,137,Extrovertido,Extrovertido,2.0,Introvertido
5,2,4,3,1,2,5,2,2,5,1,1,2,1,4,4,4,2,2,4,1,1,4,3,2,1,3,4,2,2,1,5,4,3,5,3,5,1,4,4,3,3,4,2,2,38,32,25,30,11,128,Ambivertido,Ambivertido,2.0,Introvertido
3,2,2,4,3,2,2,3,2,4,2,5,4,5,3,1,1,1,1,4,2,1,5,5,3,1,3,5,3,2,5,2,3,5,3,3,4,2,5,1,3,2,2,1,2,34,40,26,22,14,127,Ambivertido,Ambivertido,1.0,Ambivertido
5,1,5,5,3,3,2,5,1,1,4,3,3,1,2,1,4,1,3,1,1,5,2,1,2,4,5,1,2,5,3,2,1,3,1,3,5,4,3,1,3,1,5,4,4,37,25,32,27,12,125,Ambivertido,Ambivertido,2.0,Introvertido
5,2,2,5,3,3,5,1,5,2,3,5,5,5,4,4,4,3,3,2,5,1,4,4,2,5,2,2,5,5,3,3,5,4,2,1,5,5,1,2,1,1,1,1,4,35,39,41,22,20,145,Extrovertido,Extrovertido,1.0,Ambivertido
2,4,3,5,2,3,3,1,4,4,4,5,1,1,5,3,2,5,5,3,1,1,4,4,2,4,5,3,3,5,3,2,1,5,5,1,3,4,1,5,3,3,1,1,2,37,36,35,23,17,137,Extrovertido,Extrovertido,1.0,Ambivertido
3,5,3,4,4,3,1,1,2,4,2,2,2,2,5,5,4,5,5,4,4,1,4,3,4,3,3,1,3,5,5,4,3,2,3,5,2,4,2,5,4,5,4,5,2,39,37,34,36,18,152,Extrovertido,Extrovertido,0.0,Extrovertido
4,3,2,3,4,5,4,5,3,4,1,4,1,4,2,4,4,3,1,2,2,3,2,1,5,3,4,2,4,1,3,4,2,2,1,5,1,4,5,5,3,5,5,1,4,37,33,33,30,14,140,Extrovertido,Extrovertido,0.0,Extrovertido
4,3,1,2,2,3,4,2,1,3,2,3,4,3,3,5,4,4,5,3,5,2,3,3,2,1,4,2,5,3,4,1,4,4,2,4,4,2,1,2,2,2,5,3,2,43,34,30,23,14,133,Ambivertido,Ambivertido,0.0,Extrovertido
2,2,2,2,3,3,3,1,1,5,5,5,4,1,5,5,1,3,5,3,4,4,4,2,4,4,3,1,4,5,4,5,4,2,2,4,4,2,4,2,1,5,4,3,3,33,33,40,35,16,145,Extrovertido,Extrovertido,0.0,Extrovertido
4,2,1,5,3,1,1,1,3,4,4,2,3,5,4,3,1,2,2,5,2,1,1,1,4,2,3,4,5,4,4,5,3,2,2,2,4,3,5,4,5,3,1,3,1,26,41,30,27,20,130,Ambivertido,Ambivertido,1.0,Ambivertido
5,4,5,2,1,1,4,5,4,3,4,5,1,5,1,3,2,3,3,5,2,1,5,3,3,1,3,1,5,5,1,2,3,3,2,4,4,2,3,2,1,5,1,1,4,35,37,30,26,20,133,Ambivertido,Ambivertido,1.0,Ambivertido
3,1,2,1,4,5,1,2,1,3,4,2,5,2,5,5,2,1,1,3,1,1,5,5,4,2,2,5,1,1,5,5,5,3,2,3,1,5,3,3,5,1,3,1,4,28,36,33,27,10,129,Ambivertido,Ambivertido,1.0,Ambivertido
2,4,3,1,1,4,1,5,2,4,5,4,4,5,5,4,2,3,1,4,4,4,2,2,1,4,2,3,3,1,1,2,1,1,3,2,5,5,1,1,3,2,5,1,5,31,32,37,25,11,128,Ambivertido,Ambivertido,1.0,Ambivertido
2,5,3,4,4,3,1,1,2,3,1,2,3,1,2,2,4,1,5,5,1,4,2,2,5,5,5,3,2,5,4,2,2,1,3,4,2,2,2,1,1,2,2,3,5,29,29,34,26,18,124,Ambivertido,Ambivertido,1.0,Ambivertido
5,4,5,3,3,4,5,5,3,4,3,1,1,1,3,5,4,3,3,2,2,5,3,1,2,5,5,1,5,3,5,5,1,2,2,4,2,1,3,2,5,3,2,4,4,37,35,34,32,16,144,Extrovertido,Extrovertido,0.0,Extrovertido
5,3,2,1,1,4,2,3,1,4,4,5,5,2,2,5,1,3,3,1,2,4,4,5,5,3,4,4,5,5,2,2,1,1,1,5,1,5,1,2,2,1,1,1,1,30,36,34,23,13,125,Ambivertido,Ambivertido,1.0,Ambivertido
3,5,5,4,5,2,2,4,2,3,5,4,1,3,4,4,1,2,5,3,2,4,2,2,5,4,4,1,4,1,2,4,5,3,5,2,2,4,5,1,3,4,2,5,1,38,28,38,33,15,144,Extrovertido,Extrovertido,2.0,Introvertido
2,1,4,3,3,2,5,4,1,3,3,2,1,2,3,1,1,2,2,1,2,4,2,5,2,2,3,1,1,4,3,5,4,4,1,4,1,1,4,2,1,4,3,5,3,33,24,26,30,10,117,Ambivertido,Ambivertido,2.0,Introvertido
2,5,3,1,3,3,4,3,1,5,5,5,3,5,5,1,4,4,5,1,5,3,3,5,5,5,4,3,5,4,2,4,2,5,4,4,2,1,1,5,4,4,4,4,1,46,37,36,34,14,157,Extrovertido,Extrovertido,0.0,Extrovertido
1,1,5,3,4,4,1,2,5,2,1,5,5,1,2,2,1,3,2,5,1,3,3,3,5,2,4,2,2,3,2,4,2,4,5,5,3,1,5,5,1,3,3,5,1,34,23,30,36,19,132,Ambivertido,Ambivertido,2.0,Introvertido
